fold,train_dice,val_dice,test_dice
0,0.7862125,0.7391222222222222,0.5887450000000001
