fold,train_dice,val_dice,test_dice
0,0.8087673611111111,0.7454555555555555,0.73461
1,0.8222694444444445,0.7675194444444444,0.760945
