fold,train_dice,val_dice,test_dice
2,0.8120958333333334,0.7186027777777776,0.66706
